City_ID,City,Lat,Lng,Max Temp,Humidity,Cloudiness,Wind Speed,Country,Date
0,bredasdorp,-34.5322,20.0403,9.73,91,100,1.53,ZA,1691264117
1,nchelenge,-9.3451,28.734,20.31,49,0,2.32,ZM,1691264118
2,hithadhoo,-0.6,73.0833,27.14,77,100,3.12,MV,1691264119
3,namibe,-15.1961,12.1522,18.4,86,0,1.83,AO,1691264119
4,sandnessjoen,66.0217,12.6316,12.29,72,88,1.17,NO,1691264120
5,la sarre,48.8002,-79.1996,23.83,29,5,3.64,CA,1691264120
6,wainwright,52.839,-110.8572,23.82,37,0,5.27,CA,1691264121
7,cesme,38.3228,26.3064,28.84,45,0,2.06,TR,1691264121
8,vorgashor,67.5833,63.95,17.65,53,0,2.83,RU,1691264122
9,puerto natales,-51.7236,-72.4875,5.22,88,100,10.06,CL,1691264122
10,ilulissat,69.2167,-51.1,10.01,57,20,2.06,GL,1691264123
11,tazacorte,28.629,-17.9293,23.97,80,20,8.23,ES,1691264123
12,invercargill,-46.4,168.35,6.68,86,100,1.79,NZ,1691263845
13,lompoc,34.6391,-120.4579,27.69,94,100,7.2,US,1691263878
14,colonia,50.9333,6.95,17.36,86,20,2.06,DE,1691264039
15,ola,59.5833,151.2833,12.38,63,33,3.74,RU,1691264125
16,swift current,50.2834,-107.8014,25.45,31,20,4.63,CA,1691263953
17,port-aux-francais,-49.35,70.2167,2.43,71,97,13.5,TF,1691264126
18,punta arenas,-53.15,-70.9167,4.83,82,100,13.21,CL,1691264126
19,badger,64.8,-147.5333,23.41,56,100,0.0,US,1691264127
20,iqaluit,63.7506,-68.5145,12.85,76,20,2.24,CA,1691264127
21,waitangi,-43.9535,-176.5597,6.57,76,97,3.13,NZ,1691264128
22,balykshi,47.0667,51.8667,30.0,37,0,3.0,KZ,1691264128
23,blackmans bay,-43.0167,147.3167,8.62,86,96,2.64,AU,1691264129
24,margaret river,-33.95,115.0667,8.55,80,98,1.35,AU,1691264129
25,vikulovo,56.8167,70.6107,17.34,92,100,2.54,RU,1691264130
26,west island,-12.1568,96.8225,24.99,88,75,7.72,CC,1691264130
27,ushuaia,-54.8,-68.3,2.81,87,100,2.06,AR,1691264072
28,talnakh,69.4865,88.3972,13.45,52,1,0.38,RU,1691264131
29,keflavik,64.0049,-22.5624,12.95,100,100,5.66,IS,1691264132
30,bereznik,62.8551,42.7072,15.53,93,0,2.44,RU,1691264132
31,dire,12.2833,-10.9667,25.93,89,100,1.69,ML,1691264133
32,longyearbyen,78.2186,15.6401,9.91,93,75,4.63,SJ,1691264133
33,thompson,55.7435,-97.8558,21.09,68,75,3.09,CA,1691263930
34,karystos,38.0133,24.4161,29.63,52,22,0.89,GR,1691264134
35,pitimbu,-7.4706,-34.8086,28.33,79,7,5.46,BR,1691264135
36,australind,-33.2667,115.7167,7.84,88,100,1.8,AU,1691264006
37,polyarnyy,69.1989,33.4478,10.88,94,100,6.59,RU,1691264136
38,papatowai,-46.5619,169.4708,6.11,80,99,3.57,NZ,1691264136
39,meadow lake,34.8014,-106.5436,36.84,13,0,3.9,US,1691264137
40,lospalos,-8.5186,127.0025,19.1,89,74,1.78,TL,1691264137
41,mar del plata,-38.0023,-57.5575,13.3,58,0,5.66,AR,1691263923
42,dwarka,22.2394,68.9678,27.4,81,100,9.09,IN,1691264138
43,albany,42.6001,-73.9662,26.99,56,100,4.23,US,1691264139
44,hailar,49.2,119.7,12.71,82,71,1.08,CN,1691264139
45,ceeldheer,3.8488,47.1806,24.86,80,29,7.49,SO,1691264139
46,brookings,44.3114,-96.7984,22.47,97,100,3.6,US,1691264025
47,susuman,62.7833,148.1667,10.61,59,60,1.02,RU,1691264140
48,auki,-8.7676,160.7034,24.13,93,100,4.01,SB,1691264141
49,iskateley,67.6803,53.1512,18.87,85,14,1.94,RU,1691264043
50,adamstown,-25.066,-130.1015,19.62,64,21,7.29,PN,1691264142
51,maputo,-25.9653,32.5892,18.82,88,0,3.09,MZ,1691264142
52,ust-nera,64.5667,143.2,12.14,82,100,2.44,RU,1691264143
53,bethel,41.3712,-73.414,29.12,58,0,3.6,US,1691263891
54,fnidek,35.8491,-5.3575,24.82,83,0,5.6,MA,1691264143
55,caleta de carquin,-11.0925,-77.6267,21.16,68,41,4.11,PE,1691264144
56,pisco,-13.7,-76.2167,22.03,64,0,4.63,PE,1691264144
57,nizhneangarsk,55.7833,109.55,13.17,94,100,0.47,RU,1691264145
58,ancud,-41.8697,-73.8203,8.92,71,46,1.41,CL,1691263956
59,grytviken,-54.2811,-36.5092,-5.11,83,100,4.98,GS,1691264146
60,lihue,21.9789,-159.3672,27.77,71,20,5.66,US,1691264146
61,yurty,56.0498,97.6348,7.32,85,1,1.24,RU,1691264147
62,bilibino,68.0546,166.4372,4.19,98,100,2.54,RU,1691264147
63,fernie,49.5,-115.0687,25.38,34,100,2.35,CA,1691264147
64,saipan,15.1355,145.701,27.58,100,0,0.0,MP,1691264148
65,mount gambier,-37.8333,140.7667,7.19,88,95,0.68,AU,1691264148
66,st. john's,47.5649,-52.7093,20.93,74,75,6.17,CA,1691264047
67,port mathurin,-19.6833,63.4167,22.82,74,49,11.55,MU,1691264149
68,uturoa,-16.7333,-151.4333,25.8,73,4,4.14,PF,1691264150
69,taoudenni,22.6783,-3.9836,43.93,7,13,3.36,ML,1691264150
70,conduaga,8.862,117.4893,26.09,87,61,1.98,PH,1691264151
71,kuqa,41.7278,82.9364,28.97,25,79,2.8,CN,1691264151
72,havre,49.5833,0.3333,15.87,94,100,13.89,FR,1691264152
73,olonkinbyen,70.9221,-8.7187,3.91,93,100,10.07,SJ,1691264152
74,bensonville,6.4461,-10.6125,24.75,91,78,3.34,LR,1691264153
75,isafjordur,66.0755,-23.124,12.47,64,88,1.34,IS,1691264153
76,aripuana,-9.1667,-60.6333,37.13,21,4,0.85,BR,1691264154
77,carbonear,47.7332,-53.2148,20.64,74,18,4.72,CA,1691264154
78,lesnoy,57.6198,63.0784,17.03,94,72,1.95,RU,1691264154
79,hamilton,39.1834,-84.5333,30.5,63,20,4.63,US,1691263993
80,lulea,65.5842,22.1547,18.04,59,61,1.54,SE,1691264155
81,kapa'a,22.0752,-159.319,28.18,77,20,5.66,US,1691264156
82,vila velha,-20.3297,-40.2925,25.97,78,0,5.66,BR,1691264156
83,sisimiut,66.9395,-53.6735,7.76,73,16,3.42,GL,1691264157
84,avarua,-21.2078,-159.775,22.03,78,100,2.57,CK,1691263918
85,dudinka,69.4058,86.1778,13.68,63,3,2.23,RU,1691264158
86,nogliki,51.8333,143.1667,12.08,84,54,1.77,RU,1691264158
87,quellon,-43.1167,-73.6167,9.14,76,75,3.09,CL,1691264159
88,puerto ayora,-0.7393,-90.3518,28.98,91,45,3.58,EC,1691264159
89,zhangjiakou,40.81,114.8794,21.43,67,92,1.71,CN,1691264160
90,piacabucu,-10.4056,-36.4344,23.66,86,51,3.5,BR,1691264160
91,wailua homesteads,22.0669,-159.378,27.44,77,20,5.66,US,1691263998
92,aktau,43.65,51.2,31.32,36,0,6.34,KZ,1691264161
93,haiku-pauwela,20.9219,-156.3051,27.32,61,20,8.75,US,1691264162
94,atafu village,-8.5421,-172.5159,28.03,76,26,5.53,TK,1691264162
95,nova sintra,14.8667,-24.7167,22.64,80,4,7.49,CV,1691264163
96,mossel bay,-34.1831,22.146,14.96,74,100,3.76,ZA,1691264164
97,mount pearl,47.5166,-52.7813,19.92,73,75,6.17,CA,1691264164
98,edinburgh of the seven seas,-37.0676,-12.3116,13.64,80,40,16.52,SH,1691264165
99,gowurdak,37.8124,66.0466,30.69,18,0,4.04,TM,1691264165
100,darwin,-12.4611,130.8418,22.99,83,75,1.03,AU,1691264166
101,changping,40.2186,116.2197,25.8,93,97,1.86,CN,1691264166
102,vavuniya,8.7514,80.4971,24.45,88,100,3.23,LK,1691264167
103,touros,-5.1989,-35.4608,25.86,77,100,7.72,BR,1691264167
104,howrah,22.5892,88.3103,29.0,84,75,4.63,IN,1691264168
105,kenai,60.5544,-151.2583,17.05,67,100,1.54,US,1691264168
106,watsa,3.0372,29.5355,18.5,97,100,0.52,CD,1691264169
107,yellowknife,62.456,-114.3525,20.31,42,75,3.6,CA,1691264122
108,papao,-17.75,-149.55,27.82,77,74,1.52,PF,1691264170
109,al ghayzah,16.2079,52.176,26.66,82,69,4.04,YE,1691264171
110,rongelap,11.1635,166.8941,28.31,75,68,6.62,MH,1691264171
111,lakatoro,-16.0999,167.4164,23.21,86,77,5.07,VU,1691264053
112,ribeira grande,38.5167,-28.7,23.76,78,75,3.09,PT,1691264172
113,tonj,7.2737,28.6822,21.87,96,98,1.24,SS,1691264172
114,east london,-33.0153,27.9116,20.02,40,0,3.71,ZA,1691264173
115,tiksi,71.6872,128.8694,1.71,81,97,2.96,RU,1691264173
116,colares,38.7992,-9.4469,30.81,24,0,10.8,PT,1691264174
117,bandarbeyla,9.4942,50.8122,24.32,83,26,14.45,SO,1691264175
118,garden city,42.3256,-83.331,28.26,50,75,2.06,US,1691263954
119,utrik,11.2278,169.8474,27.94,70,96,6.94,MH,1691264176
120,emerald,-23.5333,148.1667,12.54,72,0,3.1,AU,1691263944
121,aasiaat,68.7098,-52.8699,1.85,92,85,2.39,GL,1691264177
122,ingeniero guillermo n. juarez,-23.9,-61.85,35.17,18,0,7.26,AR,1691264177
123,tarrafal de sao nicolau,16.5667,-24.3667,25.51,77,67,6.7,CV,1691264178
124,freetown,8.484,-13.2299,25.28,90,72,4.05,SL,1691264178
125,carnarvon,-24.8667,113.6333,18.68,80,1,3.17,AU,1691264179
126,shawano,44.7822,-88.609,26.99,50,0,3.09,US,1691264179
127,codrington,-38.2667,141.9667,7.88,83,67,2.04,AU,1691264180
128,rockport,28.0206,-97.0544,36.69,70,0,6.17,US,1691264181
129,cabo san lucas,22.8909,-109.9124,35.34,66,40,6.17,MX,1691263883
130,marsh harbour,26.5412,-77.0636,30.52,70,68,5.54,BS,1691264182
131,yelizovo,53.1873,158.3805,13.08,100,75,3.13,RU,1691264182
132,puerto asis,0.5133,-76.5007,28.36,60,86,1.09,CO,1691264183
133,elliot lake,46.3834,-82.6331,24.38,34,34,1.12,CA,1691264183
134,usogorsk,63.4106,48.6872,15.95,96,20,2.51,RU,1691264184
135,curumani,9.1999,-73.5427,38.23,35,54,1.5,CO,1691264184
136,vilyuchinsk,52.9306,158.4028,13.15,82,0,3.42,RU,1691264185
137,mata-utu,-13.2816,-176.1745,27.71,75,100,5.25,WF,1691264185
138,ipswich,52.0592,1.1555,15.16,89,100,5.66,GB,1691264186
139,kununurra,-15.7667,128.7333,24.99,36,100,3.09,AU,1691264186
140,nova vicosa,-17.8919,-39.3719,23.3,65,5,4.23,BR,1691264187
141,nar'yan-mar,67.6713,53.087,18.86,86,15,1.95,RU,1691264187
142,callaway,30.153,-85.5699,32.76,79,20,2.57,US,1691264188
143,whitehorse,60.7161,-135.0538,21.43,42,40,4.12,CA,1691264129
144,lebu,-37.6167,-73.65,12.5,73,0,1.5,CL,1691263945
145,glen innes,-29.7333,151.7333,4.68,94,24,1.75,AU,1691264189
146,novodvinsk,64.4165,40.8122,15.77,98,8,3.03,RU,1691264189
147,enewetak,11.3474,162.3373,28.49,75,99,6.14,MH,1691264190
148,doka,13.5167,35.7667,22.33,87,100,4.98,SD,1691264191
149,constantia,44.1833,28.65,23.38,84,0,4.72,RO,1691264192
150,borujen,31.9652,51.2873,21.97,20,1,1.83,IR,1691264192
151,kailua-kona,19.6406,-155.9956,28.06,73,40,3.6,US,1691263978
152,egilsstadir,65.2653,-14.3948,11.95,62,75,4.63,IS,1691264193
153,jamestown,42.097,-79.2353,24.73,68,100,3.6,US,1691264014
154,qaqortoq,60.7167,-46.0333,9.36,75,2,1.43,GL,1691264194
155,chivacoa,10.1603,-68.895,31.97,53,38,3.65,VE,1691264194
156,taroa,8.7058,171.2275,28.14,69,86,6.58,MH,1691264195
157,georgetown,5.4112,100.3354,26.96,95,20,1.54,MY,1691263967
158,monroeville,40.4212,-79.7881,29.02,52,75,1.54,US,1691264196
159,errachidia,31.9275,-4.4285,39.03,8,0,3.09,MA,1691264196
160,mao,39.8885,4.2658,24.31,69,20,2.57,ES,1691264197
161,bac lieu,9.285,105.7244,26.33,88,85,3.58,VN,1691264198
162,san antonio de pale,-1.4014,5.6325,22.85,76,40,4.12,GQ,1691264198
163,tangalle,6.024,80.7911,26.46,82,100,5.49,LK,1691264199
164,strathmore,51.0501,-113.3852,24.97,46,70,3.13,CA,1691264199
165,flying fish cove,-10.4217,105.6791,24.82,88,100,6.17,CX,1691264199
166,plettenberg bay,-34.0527,23.3716,18.25,52,88,1.56,ZA,1691264200
167,erdemli,36.605,34.3084,27.64,85,24,1.74,TR,1691263983
168,linton,39.0348,-87.1658,30.21,76,100,4.38,US,1691264201
169,hawaiian paradise park,19.5933,-154.9731,26.05,91,100,2.06,US,1691264202
170,sinop,41.7711,34.8709,22.1,60,0,3.26,TR,1691264202
171,padang,-0.9492,100.3543,24.03,89,46,1.9,ID,1691264203
172,priargunsk,50.3691,119.1012,12.87,74,84,1.03,RU,1691264203
173,togur,58.3631,82.8265,12.07,71,60,2.08,RU,1691264203
174,kodiak,57.79,-152.4072,11.73,94,100,3.09,US,1691263999
175,stanley,54.868,-1.6985,12.1,86,20,3.6,GB,1691264003
176,presidente venceslau,-21.8761,-51.8439,29.54,27,0,1.67,BR,1691264205
177,cockburn town,21.4612,-71.1419,30.98,66,40,6.17,TC,1691264206
178,batalha,-9.6778,-37.1247,24.54,75,79,5.19,BR,1691264206
179,santa ana,33.7456,-117.8678,37.14,56,0,4.63,US,1691264206
180,minas de marcona,-15.2119,-75.1103,16.73,62,9,3.44,PE,1691264207
181,petropavlovsk-kamchatsky,53.0452,158.6483,12.33,100,75,3.0,RU,1691264207
182,belmonte,-15.8631,-38.8828,23.44,66,0,2.89,BR,1691264208
183,bamboo flat,11.7,92.7167,28.05,83,40,4.12,IN,1691264208
184,konarka,19.9,86.1167,27.22,78,98,5.29,IN,1691264209
185,greymouth,-42.4667,171.2,8.98,92,100,0.89,NZ,1691264161
186,harstad,68.799,16.5293,12.86,83,13,7.15,NO,1691264210
187,port elizabeth,-33.918,25.5701,14.16,88,0,1.03,ZA,1691264210
188,east grand forks,47.93,-97.0245,29.13,62,75,3.09,US,1691264211
189,castillos,-34.1667,-53.8333,13.0,63,1,3.62,UY,1691264211
190,la'ie,21.6477,-157.9253,28.98,70,27,1.79,US,1691264211
191,forster,-32.1667,152.5167,9.1,100,24,3.6,AU,1691264212
192,kuusamo,65.9667,29.1833,12.52,95,5,3.02,FI,1691264212
193,mount isa,-20.7333,139.5,13.87,58,0,2.57,AU,1691264213
194,itoman,26.1247,127.6694,27.43,92,75,18.52,JP,1691264213
195,labuan,5.2767,115.2417,26.2,88,20,0.0,MY,1691264214
196,moses lake,47.1301,-119.2781,22.38,64,100,2.06,US,1691264215
197,urangan,-25.3,152.9,17.06,79,54,4.54,AU,1691264215
198,port alfred,-33.5906,26.891,20.79,47,0,3.73,ZA,1691264215
199,fort mcmurray,56.7268,-111.381,22.77,60,0,3.6,CA,1691264080
200,luanda,-8.8368,13.2343,22.0,83,75,5.14,AO,1691263939
201,kristiansund,63.1115,7.732,14.03,67,100,3.09,NO,1691264217
202,luderitz,-26.6481,15.1594,14.46,77,17,3.68,NA,1691264217
203,port lincoln,-34.7333,135.8667,11.67,63,100,3.76,AU,1691264218
204,kajaani,64.2273,27.7285,16.03,82,0,1.03,FI,1691264219
205,mariehamn,60.0973,19.9348,17.12,82,0,5.14,AX,1691264219
206,maswa,-2.6833,33.9833,21.67,46,97,4.72,TZ,1691264220
207,remire-montjoly,4.9167,-52.2667,30.02,70,0,6.17,GF,1691264220
208,saint-philippe,-21.3585,55.7679,21.77,82,88,7.59,RE,1691264221
209,liski,50.9841,39.5155,23.79,55,1,2.92,RU,1691264221
210,taos,36.4072,-105.5731,33.08,16,20,6.17,US,1691264222
211,tuytepa,41.0321,69.3625,27.19,26,3,1.09,UZ,1691264222
212,banda aceh,5.5577,95.3222,26.71,83,95,2.67,ID,1691264223
213,nambucca,-30.6333,152.9833,11.01,86,4,2.65,AU,1691264223
214,cirebon,-6.7063,108.557,23.66,83,48,3.38,ID,1691264224
215,sorong,-0.8833,131.25,24.12,90,100,5.83,ID,1691264225
216,horsham,51.064,-0.3272,15.25,81,75,7.72,GB,1691264226
217,dongfeng,42.6403,125.5118,15.57,89,92,1.4,CN,1691264226
218,naze,28.3667,129.4833,25.51,92,99,6.65,JP,1691264227
219,anadyr,64.75,177.4833,11.28,87,100,8.94,RU,1691264227
220,college,64.8569,-147.8028,23.45,58,40,0.45,US,1691264228
221,chechelnyk,48.8353,26.6484,24.06,38,0,6.5,UA,1691264228
222,al majaridah,19.1236,41.9111,33.03,37,16,1.24,SA,1691264229
223,timbuktu,16.7735,-3.0074,33.41,44,88,8.5,ML,1691264230
224,behompy,-23.2496,43.8557,20.26,61,4,2.57,MG,1691264230
225,ketchikan,55.3422,-131.6461,21.26,60,75,2.57,US,1691263996
226,puerto baquerizo moreno,-0.9,-89.6,26.55,78,75,6.17,EC,1691264231
227,meraux,29.933,-89.9498,37.78,54,0,5.14,US,1691264232
228,nemuro,43.3236,145.575,14.8,98,100,3.28,JP,1691264232
229,cabedelo,-6.9811,-34.8339,28.37,80,5,6.1,BR,1691264233
230,necochea,-38.5473,-58.7368,12.32,56,100,5.41,AR,1691264233
231,napier,-39.4833,176.9167,4.11,80,6,2.24,NZ,1691264234
232,newman,37.3138,-121.0208,33.36,16,0,3.08,US,1691264234
233,tulun,54.5611,100.5792,13.24,63,90,1.53,RU,1691264235
234,saint-pierre,-21.3393,55.4781,21.82,73,0,10.29,RE,1691264235
235,campbell river,50.0163,-125.2446,28.21,44,20,4.12,CA,1691264070
236,agdam,39.991,46.9274,26.32,42,0,2.67,AZ,1691264236
237,okhotsk,59.3833,143.3,15.71,67,86,2.26,RU,1691264237
238,ad dilam,23.9915,47.1627,36.23,8,100,4.76,SA,1691264238
239,tabas,33.5959,56.9244,38.12,15,0,5.14,IR,1691264239
240,mount pleasant,32.7941,-79.8626,32.81,76,20,3.09,US,1691263980
241,sittwe,20.15,92.9,27.21,86,89,5.9,MM,1691264240
242,cassilandia,-19.1133,-51.7342,32.23,15,17,2.59,BR,1691264240
243,puerto armuelles,8.2833,-82.8667,34.99,69,62,3.58,PA,1691264241
244,lethem,3.3803,-59.7968,29.46,70,91,0.16,GY,1691264241
245,sidrolandia,-20.9319,-54.9614,31.69,21,0,3.25,BR,1691264242
246,tver,56.8619,35.8931,19.87,77,2,1.42,RU,1691264058
247,salinas,36.6777,-121.6555,30.55,69,0,5.14,US,1691264243
248,illizi,26.4833,8.4667,39.89,8,0,4.16,DZ,1691264243
249,happy valley-goose bay,53.3168,-60.3315,23.17,49,75,4.12,CA,1691264244
250,sitka,57.0531,-135.33,20.94,64,40,1.54,US,1691263996
251,monte patria,-30.6919,-70.9467,19.51,54,4,2.45,CL,1691264154
252,sur,22.5667,59.5289,30.07,63,100,5.01,OM,1691264077
253,cheremushki,52.8356,91.3944,16.23,96,98,1.12,RU,1691264246
254,nizhniy kuranakh,58.8353,125.4869,13.04,80,41,0.55,RU,1691264246
255,matoury,4.8483,-52.3317,29.98,70,0,6.17,GF,1691264247
256,carutapera,-1.195,-46.02,27.88,74,73,4.47,BR,1691264247
257,gadzhiyevo,69.2551,33.3362,10.74,94,100,6.75,RU,1691264248
258,hadibu,12.65,54.0333,25.82,79,13,8.68,YE,1691264248
259,saudarkrokur,65.7461,-19.6394,11.33,71,90,1.59,IS,1691264249
260,tolanaro,-25.0319,46.9987,20.04,73,20,6.17,MG,1691264249
261,north las vegas,36.1989,-115.1175,41.28,7,0,3.6,US,1691264250
262,gohadi,26.4261,78.4447,26.09,92,100,4.99,IN,1691264250
263,solleftea,63.1667,17.2667,15.92,71,100,0.67,SE,1691264251
264,ghadamis,30.1337,9.5007,33.3,32,0,10.06,LY,1691264251
265,kas,36.2018,29.6377,28.89,57,0,4.44,TR,1691264252
266,arraial do cabo,-22.9661,-42.0278,22.98,78,0,5.14,BR,1691264252
267,salekhard,66.53,66.6019,18.36,58,2,2.88,RU,1691264253
268,zelenogorskiy,55.0333,87.0,11.98,61,2,2.35,RU,1691264253
269,northam,51.0333,-4.2167,15.77,80,0,9.38,GB,1691264254
270,jiangyou,31.7667,104.7167,24.14,90,31,1.15,CN,1691264254
271,nuuk,64.1835,-51.7216,10.34,81,100,1.03,GL,1691264255
272,afaahiti,-17.75,-149.2833,26.93,76,22,2.14,PF,1691264255
273,moree,-29.4667,149.85,9.22,64,9,2.99,AU,1691264256
274,mudgee,-32.5943,149.5871,10.34,93,93,2.57,AU,1691264256
275,feijo,-8.1642,-70.3536,34.41,35,89,1.24,BR,1691264256
276,ta`u,-14.2336,-169.5144,27.03,80,99,6.29,AS,1691264257
277,jinghong,21.991,100.7341,22.23,100,100,0.51,CN,1691264257
278,paita,-5.0892,-81.1144,24.83,66,5,8.11,PE,1691264258
279,akureyri,65.6835,-18.0878,11.96,82,100,4.63,IS,1691264259
280,alice town,25.7167,-79.3,29.73,72,100,4.49,BS,1691264259
281,midvagur,62.0511,-7.1939,11.46,87,91,2.06,FO,1691264260
282,kupang,-10.1667,123.5833,22.91,79,0,4.49,ID,1691264260
283,sinabang,2.4803,96.3801,26.54,86,100,2.05,ID,1691264260
284,chonchi,-42.6128,-73.8092,10.62,78,100,1.55,CL,1691264261
285,prince rupert,54.3161,-130.3201,19.05,75,20,2.57,CA,1691264122
286,lhokseumawe,5.1801,97.1507,25.55,88,96,1.61,ID,1691264262
287,vadso,70.0744,29.7487,13.09,76,100,2.57,NO,1691264262
288,quipapa,-8.8278,-36.0117,21.64,86,51,3.83,BR,1691264263
289,ulsteinvik,62.3432,5.8487,14.39,78,100,1.79,NO,1691264263
290,mhangura,-16.8939,30.1683,13.33,60,12,1.18,ZW,1691264264
291,san patricio,28.017,-97.5169,38.4,38,46,7.71,US,1691264264
292,harper,4.375,-7.7169,24.76,85,95,4.77,LR,1691264265
293,portland,45.5234,-122.6762,27.22,69,75,1.54,US,1691263964
294,tura,25.5198,90.2201,24.05,99,100,1.52,IN,1691264265
295,oranjemund,-28.55,16.4333,12.84,85,58,2.24,NA,1691264266
296,termoli,41.9888,14.9895,20.43,71,55,2.74,IT,1691264266
297,inarajan village,13.2736,144.7484,27.54,94,91,1.22,GU,1691264267
298,rayon,19.1444,-99.5836,20.93,74,96,1.8,MX,1691264267
299,berdigestyakh,62.0989,126.6992,14.7,58,100,0.65,RU,1691264268
300,primero de mayo,-32.2552,-58.4228,20.86,61,11,4.09,AR,1691264268
301,pangody,65.85,74.4859,18.81,55,12,3.18,RU,1691264269
302,mead,47.7674,-117.3549,28.25,39,0,0.0,US,1691264041
303,klyuchi,52.2667,79.1667,19.22,69,94,1.59,RU,1691264270
304,arkhangel'sk,64.5401,40.5433,15.84,97,6,2.81,RU,1691264228
305,kingston,17.997,-76.7936,34.58,61,20,11.83,JM,1691264224
306,polczyn-zdroj,53.7642,16.0957,17.27,90,100,2.09,PL,1691264271
307,pudasjarvi,65.3833,26.9167,11.6,91,0,2.36,FI,1691264271
308,arizona city,32.7559,-111.671,43.75,10,0,1.61,US,1691264272
309,port saint john's,-31.6229,29.5448,19.06,52,0,3.87,ZA,1691264272
310,mariental,-24.6333,17.9667,19.02,22,0,5.09,NA,1691264273
311,misawa,40.6836,141.3597,23.67,86,95,1.23,JP,1691264273
312,tete,-16.1564,33.5867,24.05,53,75,2.57,MZ,1691264274
313,jauja,-11.7758,-75.4966,16.01,35,86,5.45,PE,1691264274
314,sibolga,1.7427,98.7792,24.31,91,99,1.53,ID,1691264275
315,benguela,-12.5763,13.4055,20.6,86,63,0.83,AO,1691264276
316,eregli,37.5133,34.0467,23.83,22,0,1.03,TR,1691264276
317,persembe,41.0656,37.7714,24.68,90,0,1.6,TR,1691264277
318,kapuskasing,49.4169,-82.4331,23.05,40,40,3.09,CA,1691264277
319,bikenibeu village,1.3673,173.1241,27.98,83,75,1.03,KI,1691264278
320,simanggang,1.2472,111.4528,24.99,100,98,0.51,MY,1691264278
321,el calafate,-50.3408,-72.2768,3.41,76,7,4.8,AR,1691264278
322,ust'-ilimsk,58.0006,102.6619,6.64,96,0,1.32,RU,1691264279
323,tekeli,44.83,78.8239,20.37,28,4,3.96,KZ,1691264279
324,sadovoye,47.7764,44.5089,29.98,34,0,3.82,RU,1691264280
325,island harbour,50.724,-1.2758,15.52,87,94,3.13,GB,1691264280
326,anahuac,27.2333,-100.15,40.41,21,1,7.86,MX,1691264281
327,puerto aysen,-45.4,-72.7,6.28,93,99,2.08,CL,1691264281
328,el jadid,33.2549,-8.506,23.81,88,0,4.26,MA,1691264282
329,torghay,49.6339,63.4981,21.91,71,30,3.85,KZ,1691264282
330,ephraim,39.3597,-111.5863,28.48,33,2,4.15,US,1691264283
331,yanchep,-31.55,115.6833,9.78,78,100,2.28,AU,1691264283
332,fort bragg,35.139,-79.006,33.69,54,20,3.6,US,1691264284
333,toliara,-23.35,43.6667,20.83,71,0,2.83,MG,1691264284
334,patterson,37.4716,-121.1297,33.34,18,0,3.54,US,1691264285
335,kayangel,8.0823,134.7173,27.54,77,100,3.17,PW,1691264285
336,yarmouth,41.7057,-70.2286,28.03,77,0,3.6,US,1691264286
337,crane,31.3974,-102.3501,39.11,18,0,6.77,US,1691264286
338,tamandare,-8.7597,-35.1047,24.83,80,20,3.73,BR,1691264287
339,turkmenbasy,40.0222,52.9552,26.43,83,75,5.14,TM,1691264287
340,colonia menno,-22.3667,-59.8167,36.14,18,0,6.49,PY,1691264288
341,den burg,53.0542,4.7972,15.55,82,100,3.09,NL,1691264288
342,bayeux,-7.125,-34.9322,28.35,69,40,7.2,BR,1691264289
343,seosan,36.7817,126.4522,23.7,89,47,1.72,KR,1691264290
344,brisas de zicatela,15.8369,-97.0419,31.29,55,75,3.09,MX,1691264290
345,tessaoua,13.7574,7.9874,26.74,77,100,9.58,NE,1691264291
346,safi,32.1667,-8.8333,26.41,52,0,4.39,MA,1691264291
347,sena madureira,-9.0656,-68.6569,37.02,25,62,0.19,BR,1691264292
348,tyukhtet,56.5389,89.3011,9.82,75,32,1.39,RU,1691264292
349,hengshui,37.7322,115.7011,22.78,90,0,3.51,CN,1691264293
350,tofol,5.3248,163.0078,28.19,70,33,1.82,FM,1691264293
351,burnie,-41.0667,145.9167,4.14,84,53,3.27,AU,1691264294
352,lashio,22.9333,97.75,20.7,100,100,0.77,MM,1691264294
353,severo-yeniseyskiy,60.3725,93.0408,8.3,98,100,1.54,RU,1691264295
354,cao bang,22.6667,106.25,24.48,99,100,0.03,VN,1691264295
355,cadale,2.7603,46.3222,25.05,81,83,8.05,SO,1691264296
356,revda,56.801,59.9303,18.8,77,93,1.49,RU,1691264296
357,yemetsk,63.4721,41.7941,15.42,97,3,2.26,RU,1691264297
358,champerico,14.3,-91.9167,36.3,62,6,3.09,GT,1691264298
359,kone,-21.0595,164.8658,16.57,88,16,2.39,NC,1691264298
360,alofi,-19.0595,-169.9187,22.94,94,100,1.03,NU,1691264298
361,borgo,46.0514,11.4544,19.03,77,93,0.85,IT,1691264299
362,urzhar,47.093,81.6294,23.71,34,17,2.63,KZ,1691264300
363,soderhamn,61.3037,17.0592,16.09,92,3,0.81,SE,1691264300
364,hami,42.8,93.45,29.07,20,4,4.81,CN,1691264301
365,likiep,9.8251,169.3107,28.28,68,96,7.34,MH,1691264302
366,pemangkat,1.1667,108.9667,26.41,85,0,2.42,ID,1691264302
367,santa catalina,9.3337,122.8637,25.75,88,18,1.25,PH,1691264303
368,gulf breeze,30.3571,-87.1639,38.45,63,20,8.23,US,1691264303
369,tongchuanshi,35.0806,109.0897,25.25,77,2,1.14,CN,1691264304
370,eisenberg,50.9667,11.9,17.69,80,100,0.89,DE,1691264304
371,chhachhrauli,30.25,77.3667,25.35,94,100,2.8,IN,1691264305
372,khasavyurt,43.25,46.5881,24.54,47,0,2.95,RU,1691264305
373,inhambane,-23.865,35.3833,17.99,94,20,0.0,MZ,1691264306
374,guerrero negro,27.9769,-114.0611,26.98,49,9,5.71,MX,1691264306
375,t'aebaek,37.1759,128.9889,20.85,94,27,0.68,KR,1691264307
376,bismarck,46.8083,-100.7837,20.91,78,100,5.14,US,1691264307
377,fort st. john,56.2499,-120.8529,22.94,53,20,3.09,CA,1691264080
378,kalmunai,7.4167,81.8167,26.77,80,98,2.49,LK,1691264308
379,kirkland lake,48.1446,-80.0377,22.16,33,1,3.09,CA,1691264309
380,nikol'sk,53.7189,46.0712,20.21,81,0,2.62,RU,1691264309
381,conde,-7.2597,-34.9075,27.7,69,40,7.2,BR,1691264310
382,fordingbridge,50.9275,-1.7903,14.86,80,20,3.6,GB,1691264310
383,acarau,-2.8856,-40.12,27.81,67,81,8.25,BR,1691264287
384,bardai,11.65,7.2333,22.91,89,100,4.93,NG,1691264311
385,znojmo,48.8555,16.0488,17.23,91,100,6.55,CZ,1691264312
386,south bay,26.664,-80.7162,35.01,62,100,1.71,US,1691264312
387,isla del bosque,22.7333,-105.85,31.78,62,99,3.78,MX,1691264313
388,erenhot,43.6475,111.9767,22.82,48,4,5.72,CN,1691264313
389,acapulco de juarez,16.8634,-99.8901,31.9,58,20,4.63,MX,1691264137
390,xai-xai,-25.0519,33.6442,17.98,77,5,3.06,MZ,1691264284
391,zahedan,29.4963,60.8629,31.95,12,0,4.12,IR,1691264315
392,pekanbaru,0.5333,101.45,26.18,89,99,1.54,ID,1691264315
393,lerwick,60.1545,-1.1494,12.0,74,100,0.94,GB,1691264316
394,richards bay,-28.783,32.0377,18.71,75,11,4.28,ZA,1691264316
395,alice springs,-23.7,133.8833,7.75,87,0,2.57,AU,1691264194
396,kolonia,50.9333,6.95,17.36,86,20,2.06,DE,1691264039
397,strezhevoy,60.7333,77.5889,15.04,63,0,2.91,RU,1691264318
398,villa de etla,17.2,-96.8,23.27,58,99,1.99,MX,1691264318
399,buka,40.8108,69.1986,25.91,25,2,1.65,UZ,1691264318
400,ivangorod,59.3716,28.2162,18.24,73,100,1.16,RU,1691264319
401,arari,-3.4536,-44.78,33.53,44,68,3.28,BR,1691264290
402,berezovyy,51.6667,135.7,12.19,74,10,1.6,RU,1691264320
403,troitsko-pechorsk,62.7084,56.1964,15.76,96,16,1.19,RU,1691264320
404,dayr hafir,36.1569,37.7078,26.8,65,0,8.03,SY,1691264321
405,gerash,27.6652,54.1371,31.08,38,70,0.42,IR,1691264321
406,yeniseysk,58.4497,92.1703,12.64,71,100,2.2,RU,1691264322
407,coxen hole,16.3244,-86.5366,30.6,70,0,7.72,HN,1691264322
408,saldanha,-33.0117,17.9442,10.03,89,100,0.88,ZA,1691264323
409,mandalgovi,45.7625,106.2708,17.39,77,2,1.3,MN,1691264323
410,pacific grove,36.6177,-121.9166,26.47,85,20,3.6,US,1691264289
411,bovalino,38.149,16.174,24.94,68,26,4.93,IT,1691264324
412,langarud,37.197,50.1535,26.56,52,92,1.54,IR,1691264325
413,bafoulabe,13.8065,-10.8321,29.85,69,69,2.59,ML,1691264326
414,hermanus,-34.4187,19.2345,9.89,87,100,1.76,ZA,1691264326
415,kourou,5.1552,-52.6478,30.03,73,17,4.59,GF,1691264327
416,atasu,48.6814,71.6433,22.94,51,100,4.04,KZ,1691264327
417,makinsk,52.6292,70.4169,19.31,71,92,2.66,KZ,1691264327
418,jayapura,-2.5333,140.7,24.66,90,100,2.05,ID,1691264328
419,charters towers,-20.1,146.2667,12.71,79,0,4.37,AU,1691264328
420,taveta,-3.3963,37.6736,21.53,66,89,2.97,KE,1691264329
421,nelson bay,-32.7167,152.15,15.56,95,98,6.71,AU,1691264329
422,stephenville,32.2207,-98.2023,41.54,22,0,2.57,US,1691264330
423,udachny,66.4167,112.4,10.25,70,90,4.35,RU,1691264330
424,narasannapeta,18.4167,84.05,27.47,82,59,2.89,IN,1691264331
425,faya-largeau,17.9257,19.1043,33.3,47,25,5.07,TD,1691264331
426,saa,4.3667,11.45,21.66,95,100,2.73,CM,1691264331
427,yilan,24.757,121.753,29.39,99,100,2.15,TW,1691264332
428,wuhai,39.6647,106.8122,29.02,30,100,2.28,CN,1691264332
429,maceio,-9.6658,-35.7353,26.69,73,40,5.66,BR,1691264333
430,smithers,54.7804,-127.1743,24.18,43,75,1.54,CA,1691264283
431,krokek,58.6667,16.4,16.25,77,40,1.54,SE,1691264334
432,chernyshevskiy,63.0128,112.4714,14.37,75,9,5.15,RU,1691264322
433,fisterra,42.9049,-9.2629,22.64,87,27,8.42,ES,1691264335
434,takoradi,4.8845,-1.7554,24.07,92,86,3.87,GH,1691264335
435,owo,7.1962,5.5868,22.04,99,99,2.28,NG,1691264335
436,veraval,20.9,70.3667,26.88,84,100,7.91,IN,1691264336
437,washington,47.5001,-120.5015,22.18,31,100,1.7,US,1691264052
438,nieuw nickerie,5.95,-56.9833,28.76,68,25,4.6,SR,1691264337
439,tahe,52.3333,124.7333,11.16,67,14,1.16,CN,1691264337
440,karpenisi,38.9167,21.7833,17.23,93,42,2.5,GR,1691264339
441,kapenguria,1.2511,35.0895,14.76,81,94,1.72,KE,1691264340
442,ussuriysk,43.7986,131.9508,18.9,96,100,0.78,RU,1691264340
443,nili,33.7218,66.1302,21.53,21,0,3.48,AF,1691264341
444,ust-kamenogorsk,49.9789,82.6103,14.96,87,6,2.0,KZ,1691264341
445,laramie,41.3114,-105.5911,23.94,36,20,5.14,US,1691264064
446,nishinoomote,30.7333,131.0,27.71,89,100,11.67,JP,1691264342
447,bechar,31.6167,-2.2167,39.18,10,0,2.57,DZ,1691264342
448,aykhal,66.0,111.5,10.25,67,28,7.72,RU,1691264343
449,boa vista,2.8197,-60.6733,31.99,58,40,2.57,BR,1691264343
450,kaga bandoro,6.9896,19.1874,22.76,95,100,0.33,CF,1691264345
451,pandan,14.0453,124.1694,26.93,82,9,4.22,PH,1691264346
452,colby,39.3958,-101.0524,30.46,53,0,3.6,US,1691264087
453,nuevo casas grandes,30.4167,-107.9167,36.53,17,0,2.53,MX,1691264134
454,nova xavantina,-14.6667,-52.35,35.44,15,65,1.61,BR,1691264347
455,margate,51.3813,1.3862,16.61,91,45,3.58,GB,1691264296
456,shohimardon,39.9839,71.8028,23.43,45,7,0.25,UZ,1691264348
457,pasni,25.2631,63.471,27.42,79,92,4.66,PK,1691264348
458,tazovsky,67.4667,78.7,13.65,59,6,2.51,RU,1691264320
459,xilin hot,43.9667,116.0333,16.95,61,99,1.44,CN,1691264280
460,huruta,8.15,39.35,16.05,73,65,3.66,ET,1691264350
461,fuglafjordur,62.244,-6.814,11.26,80,96,0.33,FO,1691264350
462,bandon,51.7469,-8.7425,16.77,83,100,3.87,IE,1691264351
463,emet,39.343,29.2585,25.73,45,0,1.51,TR,1691264351
464,salou,41.0766,1.1416,25.69,69,0,3.6,ES,1691264352
465,slyudyanka,51.6594,103.7061,15.65,95,100,1.54,RU,1691264352
466,fortaleza,-3.7227,-38.5247,29.07,58,0,6.17,BR,1691264353
467,chapada dos guimaraes,-15.4606,-55.7497,32.81,17,3,0.42,BR,1691264353
468,broken hill,-31.95,141.4333,4.71,85,0,4.57,AU,1691264354
469,kudahuvadhoo,2.6708,72.8944,28.05,77,100,5.58,MV,1691264316
470,ronneby,56.21,15.276,14.28,94,100,0.0,SE,1691264354
471,pontal do parana,-25.6533,-48.5128,23.32,87,17,2.33,BR,1691264355
472,la gi,10.6667,107.7833,25.14,90,77,3.72,VN,1691264355
473,xiangtan,27.85,112.9,31.18,79,14,1.6,CN,1691264356
474,guroymak,38.5774,42.0281,23.63,32,7,2.23,TR,1691264291
475,yangjiang,21.85,111.9667,26.36,85,82,1.91,CN,1691264357
476,sechura,-5.5569,-80.8222,28.23,51,3,6.21,PE,1691264358
477,ust'-kulom,61.6864,53.6902,16.84,98,97,2.0,RU,1691264358
478,sydney,-33.8679,151.2073,12.97,91,100,7.2,AU,1691263802
479,kongolo,-5.3833,27.0,29.09,31,60,2.78,CD,1691264359
480,anchorage,61.2181,-149.9003,19.49,73,0,3.09,US,1691264061
481,thoen,17.6129,99.2161,24.0,95,100,1.02,TH,1691264360
482,mochudi,-24.4167,26.15,11.33,39,0,1.91,BW,1691264361
483,gisborne,-38.6533,178.0042,5.55,82,6,2.23,NZ,1691264361
484,hilo,19.7297,-155.09,28.49,76,100,2.06,US,1691264362
485,inari,68.906,27.0288,12.11,94,100,0.36,FI,1691264362
486,tobelo,1.7284,128.0095,26.04,85,100,3.31,ID,1691264363
487,ulanhot,46.0833,122.0833,12.49,88,1,3.86,CN,1691264363
488,forres,57.6113,-3.6108,14.01,73,75,3.09,GB,1691264364
489,ituango,7.1712,-75.764,25.24,74,41,1.71,CO,1691264364
490,selkirk,50.1436,-96.8845,29.5,45,100,3.43,CA,1691264155
491,shush,32.1942,48.2436,38.74,13,0,5.89,IR,1691264365
492,sand springs,36.1398,-96.1089,22.86,88,40,5.14,US,1691264366
493,acatlan de osorio,18.2,-98.05,30.32,41,100,3.37,MX,1691264366
494,santa marta de ortigueira,43.6833,-7.85,19.03,82,91,4.66,ES,1691264367
495,siem reap,13.5,104.0,25.86,83,100,1.94,KH,1691264367
496,kabalo,-6.05,26.9167,27.59,36,21,2.04,CD,1691264368
497,isla mujeres,21.2311,-86.731,33.03,69,11,4.77,MX,1691264214
498,koryazhma,61.3143,47.1691,16.61,93,34,2.03,RU,1691264369
499,sincik,38.0368,38.6149,25.38,24,0,1.42,TR,1691264369
500,sarina,-21.4333,149.2167,17.56,92,30,4.0,AU,1691264370
501,nago,26.5881,127.9761,27.47,95,100,16.39,JP,1691264370
502,kavieng,-2.5744,150.7967,26.77,81,91,5.18,PG,1691264371
503,rio grande,-32.035,-52.0986,17.06,73,0,3.99,BR,1691264371
504,tual,-5.6667,132.75,25.63,78,75,9.68,ID,1691264372
505,natal,-5.795,-35.2094,28.36,69,40,8.23,BR,1691264351
506,murzuq,25.9155,13.9184,35.17,12,0,2.75,LY,1691264373
507,masterton,-40.9597,175.6575,3.82,93,14,1.27,NZ,1691264373
508,saint-francois,46.4154,3.9054,18.69,63,75,2.57,FR,1691264374
509,smara,26.7384,-11.6719,26.15,41,0,7.23,EH,1691264374
510,zyryanskoye,56.8306,86.6258,9.83,80,0,2.58,RU,1691264375
511,vorkuta,67.5,64.0,17.99,53,0,2.7,RU,1691264375
512,concepcion del oro,24.6333,-101.4167,28.6,16,1,4.07,MX,1691264376
513,cooma,-36.2333,149.1333,0.83,94,15,0.71,AU,1691264376
514,phalaborwa,-23.943,31.1411,15.6,61,0,1.73,ZA,1691264377
515,mildura,-34.2,142.15,3.37,87,5,3.81,AU,1691264226
516,phan thiet,10.9333,108.1,24.9,90,65,3.39,VN,1691264378
517,ivanteyevka,55.9711,37.9208,22.3,70,4,1.14,RU,1691264378
518,holualoa,19.6228,-155.9522,25.99,73,40,3.6,US,1691264379
519,junqueiropolis,-21.5147,-51.4336,30.9,21,0,1.68,BR,1691264291
520,la palma,33.8464,-118.0467,36.52,59,0,4.02,US,1691264380
521,soio,-6.1349,12.3689,21.72,90,10,4.47,AO,1691264380
522,vila franca do campo,37.7167,-25.4333,23.23,73,100,2.88,PT,1691264380
523,kismayo,-0.3582,42.5454,24.59,84,41,7.26,SO,1691264381
524,beaufort west,-32.3567,22.583,17.73,34,35,3.85,ZA,1691264381
525,tamanrasset,22.785,5.5228,29.95,26,40,5.14,DZ,1691264382
526,slave lake,55.2834,-114.769,18.99,77,0,2.06,CA,1691264382
527,ukmerge,55.25,24.75,18.15,99,100,4.82,LT,1691264383
528,argo,37.6333,22.7333,32.1,54,0,2.47,GR,1691264383
529,beardstown,40.0176,-90.4243,24.27,73,98,0.45,US,1691264384
530,nelamangala,13.1022,77.39,22.11,88,44,4.04,IN,1691264385
531,grande prairie,55.1667,-118.8027,23.1,46,20,2.06,CA,1691264352
532,aspen,39.1911,-106.8175,24.91,28,0,4.12,US,1691264169
533,hondarribia,43.372,-1.7945,19.54,93,100,2.57,ES,1691264386
534,dul'durga,50.6761,113.5931,15.07,92,100,3.07,RU,1691264387
535,horta,38.5333,-28.6333,23.34,79,75,3.13,PT,1691264387
536,karkira,36.9292,6.5856,22.43,69,1,2.3,DZ,1691264388
537,axim,4.8699,-2.2405,24.3,91,77,3.28,GH,1691264388
538,annau,37.8876,58.516,28.72,48,40,3.09,TM,1691264389
539,khovd,48.0056,91.6419,18.88,43,42,1.64,MN,1691264389
540,mykolaiv,49.5237,23.9852,22.71,59,0,5.29,UA,1691264389
541,tindouf,27.6711,-8.1474,38.25,17,0,4.12,DZ,1691264390
542,formosa do rio preto,-11.0483,-45.1931,32.8,22,50,3.21,BR,1691264390
543,kihangara,-2.5833,33.35,19.78,45,69,4.5,TZ,1691264391
544,asau,46.4333,26.4,23.51,63,0,1.13,RO,1691264391
545,mayma,52.0197,85.9114,17.28,95,100,1.65,RU,1691264392
546,bel ombre,-4.6167,55.4167,25.91,83,40,5.66,SC,1691264392
547,ajuy,11.1724,123.0197,25.36,88,24,4.46,PH,1691264393
548,nuku'alofa,-21.1333,-175.2,19.19,94,100,5.66,TO,1691264280
549,thunder bay,48.4001,-89.3168,24.95,36,40,4.12,CA,1691264394
550,huarmey,-10.0681,-78.1522,22.67,65,100,5.33,PE,1691264394
551,gaiman,-43.2897,-65.4929,13.88,30,0,8.06,AR,1691264394
552,yuzhne,46.6221,31.1013,26.93,54,0,5.93,UA,1691264395
553,el haouaria,37.05,11.0144,25.01,57,0,13.33,TN,1691264395
554,amga,60.8953,131.9608,13.81,69,86,0.69,RU,1691264281
555,shahpur,16.7,76.8333,24.74,78,71,6.06,IN,1691264396
556,lata,40.1629,-8.3327,20.2,54,0,1.26,PT,1691264397
557,soto la marina,23.7667,-98.2167,40.19,29,3,8.53,MX,1691264397
558,selfoss,63.9331,-20.9971,12.8,88,91,3.39,IS,1691264285
559,belaya kholunitsa,58.84,50.8528,16.91,87,99,2.37,RU,1691264398
560,solnechnyy,50.7214,136.6319,13.89,72,58,2.03,RU,1691264399
561,oamaru,-45.0784,170.9801,2.99,93,17,2.93,NZ,1691264399
562,xining,36.6167,101.7667,14.14,89,100,1.86,CN,1691264399
563,isangel,-19.55,169.2667,21.06,94,75,0.0,VU,1691264400
564,neiafu,-18.65,-173.9833,23.38,94,100,4.12,TO,1691264401
565,najran,17.4924,44.1277,30.36,23,90,1.26,SA,1691264401
566,coracora,-15.0333,-73.7833,15.68,38,93,2.15,PE,1691264402
567,huayin,34.5675,110.0921,26.5,82,17,2.04,CN,1691264402
568,levin,-40.6333,175.275,4.26,87,43,1.56,NZ,1691264403
569,gebeit,21.0667,36.3167,30.85,43,100,3.97,SD,1691264404
570,chernyshevsk,52.5243,117.0174,14.7,53,100,1.02,RU,1691264404
571,dunedin,-45.8742,170.5036,6.56,79,13,3.13,NZ,1691264405
572,as sulayyil,20.4607,45.5779,37.14,11,100,1.21,SA,1691264406
573,varzea grande,-15.6467,-56.1325,36.93,20,0,1.03,BR,1691264406
574,milas,37.3164,27.7839,25.64,69,0,2.06,TR,1691264408
575,tocopilla,-22.092,-70.1979,19.53,65,20,3.64,CL,1691264408
576,kurumkan,54.3,110.3,15.83,89,100,1.95,RU,1691264409
577,villa de cura,10.0386,-67.4894,33.36,64,22,3.25,VE,1691264409
578,bondo,3.8146,23.6866,20.76,96,99,1.18,CD,1691264410
579,chibougamau,49.9168,-74.3659,22.79,38,40,7.2,CA,1691264410
580,yuzhno-kurilsk,44.0306,145.8556,13.32,97,100,4.57,RU,1691264411
581,mansa konko,13.4667,-15.55,29.6,73,100,3.31,GM,1691264411
582,port moresby,-9.4431,147.1797,19.68,94,20,1.54,PG,1691264330
583,suva,-18.1416,178.4415,20.71,94,100,0.0,FJ,1691264279
584,moundou,8.5667,16.0833,22.12,94,100,0.8,TD,1691264413
